{
  "project_info": {
    "project_number": "357238914436",
    "project_id": "voom-opsc-a1a08",
    "storage_bucket": "voom-opsc-a1a08.appspot.com"
  },
  "client": [
    {
      "client_info": {
        "mobilesdk_app_id": "1:357238914436:android:c938418afee87463ddf1d1",
        "android_client_info": {
          "package_name": "com.tseopela.voomopsc"
        }
      },
      "oauth_client": [
        {
          "client_id": "357238914436-s40m0khmc1povjd78mbousl46ke8b7gm.apps.googleusercontent.com",
          "client_type": 3
        }
      ],
      "api_key": [
        {
          "current_key": "AIzaSyAQDBK1FnNQjM7jcaiZjfFemd_5Ahlzl-E"
        }
      ],
      "services": {
        "appinvite_service": {
          "other_platform_oauth_client": [
            {
              "client_id": "357238914436-s40m0khmc1povjd78mbousl46ke8b7gm.apps.googleusercontent.com",
              "client_type": 3
            }
          ]
        }
      }
    }
  ],
  "configuration_version": "1"
}